{"cameraMode":{"drawMode":0,"name":"Shaded","section":"Shading Mode"},"sceneLighting":true,"audioPlay":false,"sceneViewState":{"m_AlwaysRefresh":false,"showFog":true,"showSkybox":true,"showFlares":true,"showImageEffects":true,"showParticleSystems":true,"showVisualEffectGraphs":true,"m_FxEnabled":true},"in2DMode":false,"pivot":{"x":4.6051764488220219,"y":6.233767509460449,"z":1.687173843383789},"rotation":{"x":0.49206501245498659,"y":0.004398651421070099,"z":-0.002580099506303668,"w":0.8704679608345032},"size":4.686160564422607,"orthographic":false}