{"cameraMode":{"drawMode":0,"name":"Shaded","section":"Shading Mode"},"sceneLighting":true,"audioPlay":false,"sceneViewState":{"m_AlwaysRefresh":false,"showFog":true,"showSkybox":true,"showFlares":true,"showImageEffects":true,"showParticleSystems":true,"showVisualEffectGraphs":true,"m_FxEnabled":true},"in2DMode":false,"pivot":{"x":1.2059227228164673,"y":-5.644590377807617,"z":9.98288631439209},"rotation":{"x":0.39797085523605349,"y":0.044294536113739017,"z":-0.01924116350710392,"w":0.9161287546157837},"size":7.586129188537598,"orthographic":false}