{"cameraMode":{"drawMode":0,"name":"Shaded","section":"Shading Mode"},"sceneLighting":false,"audioPlay":false,"sceneViewState":{"m_AlwaysRefresh":false,"showFog":true,"showSkybox":false,"showFlares":true,"showImageEffects":true,"showParticleSystems":true,"showVisualEffectGraphs":true,"m_FxEnabled":true},"in2DMode":false,"pivot":{"x":0.07267948985099793,"y":1.0386803150177003,"z":1.4055107831954957},"rotation":{"x":0.18145142495632173,"y":0.7210860848426819,"z":-0.20564067363739015,"w":0.636258602142334},"size":0.7861603498458862,"orthographic":false}